System;ObjectContainer;Type;Name;Planetary X-Coord;Planetary Y-Coord;Planetary Z-Coord
#Stanton;Daymar;Outpost;Kudre Ore;146.6171542;-177.0932944;-184.862263
#Stanton;Daymar;Outpost;Kudre Ore;146.617154182309;-177.093294377514;-184.862263017951
Stanton;Daymar;Outpost;Eager Flats Aid;200.545063565929;-104.917273995152;190.096594760393
Stanton;Daymar;Outpost;Kudre Ore Mine;81.0076702389147;-280.683338081131;43.6486983371916
Stanton;Daymar;Outpost;Shubin Mining SCD-1;126.025172040445;-149.58146894637;221.25334404046
Stanton;Daymar;Outpost;Wolf Point Aid Shelter;-4.41978284451699;279.066633187614;95.7326590587272
#Stanton;Daymar;Outpost;Nuen Waste Management;-18.9432612462583;293.340930183354;25.4783997551309
Stanton;Daymar;Outpost;ArcCorp Mining Area 141;-18.1669995110158;180.36216702036;-232.759931235018
#Stanton;Daymar;Outpost;Dunlow Ridge Aid Shelter;-51.8496231568687;280.931990013533;75.3312863846513
Stanton;Daymar;Wreck;Javelin;102.055;267.619;-70.856
Stanton;Yela;Easteregg;Bennyhenge;-626.638;135.733;-1.819
#Stanton;Yela;Outpost;NT999;-205.857;-73.781;224.297
#Stanton;Yela;Outpost;Kosso;-31.289;118.130;288.314
#Stanton;Yela;Stash House;JumpTown;-240.325;15.776;-200.406
#Stanton;Yela;Outpost;ArcCorp Mining Area 157;6.023;222.356;220.313
#Stanton;Hurston;Custom POI;Valalol;-553.467;-77.910;-828.317
Stanton;Microtech;Easteregg;A place to visit;667.834;-103.257;737.113
#Stanton;Yela;CustomType;S7, Race1, Checkpoint2;37.672;225.806;213.592
#Stanton;Yela;CustomType;S7, Race1, Checkpoint1;6.478;237.141;204.49
#Stanton;Microtech;CustomType;S7, Race2, Checkpoint Calhoun Pass;938.116;-347.818;31.708
#Stanton;Clio;CustomType;S7, Race3, Start;107.412;-46.091;-316.36;03/28/2021 14:28:33
#Stanton;Clio;CustomType;S7, Race3, CP1;79.821;-2.218;-327.656;03/28/2021 14:49:29
#Stanton;Clio;CustomType;S7, Race3, CP2;+107.780;-3.157;-319.623
#Stanton;Clio;CustomType;S7, Race3, Finish;+118.376;-30.453;-314.442
#Stanton;Daymar;Cave;Sinkhole;+146.356;-177.106;-185.070;04/04/2021 12:24:29
Stanton;Hurston;CustomType;Crashed Satelite Lorville;-234.97;-783.368;577.749;08/18/2021 15:17:46