System (Version 2021.02.17);Type;Name;InternalName;X-Coord;Y-Coord;Z-Coord;RotationSpeedX;RotationSpeedY;RotationSpeedZ;RotationAdjustmentX;RotationAdjustmentY;RotationAdjustmentZ;BodyRadius;OrbitalMarkerRadius;GRIDRadius
Stanton;Planet;Aberdeen;Stanton1b;12905757636;40955551;0;2.5999999;0;0;116.76300;0;0;BodyRadius;400328;GRIDRadius
Stanton;Planet;Arial;Stanton1a;12892673309;-31476129;0;5.5100002;0;0;38.42410;0;0;BodyRadius;500030;GRIDRadius
Stanton;Planet;ArcCorp;Stanton3;18587664740;-22151916920;0;3.1099999;0;0;230.71025;0;0;BodyRadius;1144204;GRIDRadius
Stanton;Planet;Calliope;Stanton4a;22398369308;37168840679;0;4.5900002;0;0;212.31500;0;0;BodyRadius;352245;GRIDRadius
Stanton;Planet;Cellin;Stanton2a;-18987611119;-2709009661;0;4.4499998;0;0;253.47200;0;0;BodyRadius;380530;GRIDRadius
Stanton;Planet;Clio;Stanton4b;22476728221;37091020074;0;3.2500000;0;0;311.60695;0;0;BodyRadius;489664;GRIDRadius
Stanton;Planet;Crusader;Stanton2;-18962176000;-2664959999.99999;0;1;0;0;1;0;0;BodyRadius;11733500;GRIDRadius
Stanton;Planet;Daymar;Stanton2b;-18930539540;-2610158765;0;2.4800000;0;0;30.02790;0;0;BodyRadius;430026;GRIDRadius  
Stanton;Planet;Euterpe;Stanton4c;22488109736;37081123565;0;4.2800002;0;0;269.01801;0;0;BodyRadius;314061;GRIDRadius
Stanton;Planet;Hurston;Stanton1;12850457093;0;0;2.4800000;0;0;19.16560;0;0;BodyRadius;1427047;GRIDRadius
Stanton;Planet;Ita;Stanton1d;12830194716;114913609;0;4.8499999;0;0;243.08110;0;0;BodyRadius;472454;GRIDRadius
Stanton;Planet;Lyria;Stanton3a;18703607172;-22121650134;0;6.4299998;0;0;359.34150;0;0;BodyRadius;328203;GRIDRadius
Stanton;Planet;Magda;Stanton1c;12792686359;-74464581;0;1.9400001;0;0;242.45525;0;0;BodyRadius;494840;GRIDRadius
Stanton;Planet;MicroTech;Stanton4;22462016306.0103;37185625645.8346;0;4.1199999;0;0;217.08090;0;0;BodyRadius;1427047;GRIDRadius
Stanton;Planet;Wala;Stanton3b;18379649310;-22000466768;0;6.3200002;0;0;135.50625;0;0;BodyRadius;413056;GRIDRadius
Stanton;Planet;Yela;Stanton2c;-19022916799;-2613996152;0;1.8200001;0;0;217.64550;0;0;BodyRadius;455483;GRIDRadius
Stanton;Star;Stanton Star;InternalName;136049870;1294427400;2923345368;0;0;0;0;0;0;BodyRadius;0;GRIDRadius
Stanton;RestStop;ARC-L1-Station;InternalName;-1946178.84540557;-3262392.73452758;3147922.192387280;0;0;0;0;0;0;BodyRadius;0;GRIDRadius
Stanton;RestStop;CRU-L1-Station;InternalName;-1279569569.42379;-2246919818.20762;-4195881979.043360;0;0;0;0;0;0;BodyRadius;0;GRIDRadius
Stanton;RestStop;HUR-L1-Station;InternalName;-1740752255.43975;-3262392734.52758;3147922192.38728;0;0;0;0;0;0;BodyRadius;0;GRIDRadius
Stanton;RestStop;HUR-L2-Station;InternalName;-3496591017.48466;5084344726.5625;2490051995.720710;0;0;0;0;0;0;BodyRadius;0;GRIDRadius
Stanton;RestStop;HUR-L3-Station;InternalName;3834139855.88029; -5216795827.29935;-4718270974.39393;0;0;0;0;0;0;BodyRadius;0;GRIDRadius
Stanton;RestStop;HUR-L4-Station;InternalName;-1088098630.78594;2058350356.3404;1317405788.42163;0;0;0;0;0;0;BodyRadius;0;GRIDRadius
Stanton;RestStop;HUR-L5-Station;InternalName;-6886053222.65625;-5700833007.8125;0448659982.681274;0;0;0;0;0;0;BodyRadius;0;GRIDRadius
Stanton;RestStop;MIC-L1-Station;InternalName;-1946178845.40557;-3262392734.52758;3147922192.38728;0;0;0;0;0;0;BodyRadius;0;GRIDRadius
Stanton;Lagrange;ARC-L1;InternalName;16729134637.3846;-19937006924.8913;8076.625;0;0;0;0;0;0;BodyRadius;0;GRIDRadius
Stanton;Lagrange;ARC-L2;InternalName;20446718503.3901;-24367450990.706;8076.625;0;0;0;0;0;0;BodyRadius;0;GRIDRadius
Stanton;Lagrange;ARC-L3;InternalName;-25043446883.5029;14458841787.628;8076.625;0;0;0;0;0;0;BodyRadius;0;GRIDRadius
Stanton;Lagrange;ARC-L4;InternalName;28478354915.6557;5021502482.91174;8076.625;0;0;0;0;0;0;BodyRadius;0;GRIDRadius
Stanton;Lagrange;ARC-L5;InternalName;-9890422516.16967;-27173732225.14;8076.625;0;0;0;0;0;0;BodyRadius;0;GRIDRadius
Stanton;Lagrange;CRU-L1;InternalName;-17065957375.9999;-2398463999.99999;0;0;0;0;0;0;0;BodyRadius;0;GRIDRadius
Stanton;Lagrange;CRU-L2;InternalName;0;0;0;0;0;0;0;0;0;BodyRadius;0;GRIDRadius
Stanton;Lagrange;CRU-L3;InternalName;18962176000; 2664960000;0;0;0;0;0;0;0;BodyRadius;0;GRIDRadius
Stanton;Lagrange;CRU-L4;InternalName;-7173168639.99999;-17754204160;0;0;0;0;0;0;0;BodyRadius;0;GRIDRadius
Stanton;Lagrange;CRU-L5;InternalName;-11789008988.2602;15089246106.7638;0;0;0;0;0;0;0;BodyRadius;0;GRIDRadius
Stanton;Lagrange;MIC-L1;InternalName;20215808582.526974;33466996827.765518;767.452183;0;0;0;0;0;0;BodyRadius;0;GRIDRadius
Stanton;Lagrange;HUR-L1;InternalName;11565411328;0;0;0;0;0;0;0;0;BodyRadius;0;GRIDRadius
Stanton;Lagrange;HUR-L2;InternalName;14135502848;0;0;0;0;0;0;0;0;BodyRadius;0;GRIDRadius
Stanton;Lagrange;HUR-L3;InternalName;-12850457600;-1123.42272949218;0;0;0;0;0;0;0;BodyRadius;0;GRIDRadius
Stanton;Lagrange;HUR-L4;InternalName;6425228288;11128823808;0;0;0;0;0;0;0;BodyRadius;0;GRIDRadius
Stanton;Lagrange;HUR-L5;InternalName;6425227776;11128823808;0;0;0;0;0;0;0;BodyRadius;0;GRIDRadius